{
  "_comment": "===== EXPERIMENT PARAMETERS =====",
  "_comment": "data should use one of the following: flowers, mnist, cifar10",
  "data": "cifar10",
  "num_train_iters": 100000,
  "batch_size": 100,
  "seed": 123,
  "_comment": "===== IMAGE DATA PARAMETERS =====",
  "im_sz": 32,
  "im_ch": 3,
  "data_epsilon": 3e-2,
  "_comment": "===== NETWORK AND OPTIMIZER =====",
  "_comment": "net_type should use one of the following: vanilla, nonlocal",
  "net_type": "vanilla",
  "_comment": "optimizer_type should use one of the following: sgd, adam",
  "optimizer_type": "adam",
  "lr_init": 1e-4,
  "lr_min": 1e-4,
  "lr_decay": 1.0,
  "_comment": "===== LANGEVIN PARAMETERS =====",
  "epsilon": 1e-2,
  "num_shortrun_steps": 150,
  "_comment": "shortrun_init should use one of the following: persistent, data, uniform, gaussian",
  "shortrun_init": "uniform",
  "_comment": "===== DIAGNOSTIC PARAMTERS =====",
  "log_freq": 100,
  "log_longrun": true,
  "log_longrun_freq": 10000,
  "num_longrun_steps": 100000,
  "_comment": "longrun_init should use one of the following: persistent, data, uniform, gaussian",
  "longrun_init": "data"
}