{
  "_comment": "===== EXPERIMENT PARAMETERS =====",
  "_comment": "data should use one of the following: flowers, mnist, cifar10",
  "data": "flowers",
  "_comment": "number of training iterations",
  "num_train_iters": 200000,
  "_comment": "number of training images and synthesized images per model update",
  "batch_size": 100,
  "_comment": "random seed",
  "seed": 123,
  "_comment": "===== IMAGE DATA PARAMETERS =====",
  "_comment": "height and width of images",
  "im_sz": 32,
  "_comment": "number of image channels (3 for color, 1 for grayscale)",
  "im_ch": 3,
  "_comment": "gaussian noise to add to images when sampling from dataset",
  "data_epsilon": 1.5e-2,
  "_comment": "===== NETWORK AND OPTIMIZER =====",
  "_comment": "net_type should use one of the following: vanilla, nonlocal",
  "net_type": "nonlocal",
  "_comment": "optimizer_type should use one of the following: sgd, adam",
  "optimizer_type": "sgd",
  "_comment": "initial learning rate for training",
  "lr_init": 5e-2,
  "_comment": "minimum learning rate for training",
  "lr_min": 5e-4,
  "_comment": "exponential decay for learning rate at each step (halt at lr_min)",
  "lr_decay": 0.99995,
  "_comment": "===== LANGEVIN PARAMETERS =====",
  "_comment": "langevin step size and noise magnitude (set to 0 for noiseless learning)",
  "epsilon": 7.5e-3,
  "_comment": "number of langevin steps for training",
  "num_shortrun_steps": 500,
  "_comment": "shortrun_init should use one of the following: persistent, data, uniform, gaussian",
  "shortrun_init": "persistent",
  "_comment": "===== DIAGNOSTIC PARAMTERS =====",
  "_comment": "frequency of saving network, images, and plots",
  "log_freq": 100,
  "_comment": "boolean for running long-run langevin diagnostic during training",
  "log_longrun": true,
  "_comment": "frequency of running long-run langevin diagnostic",
  "log_longrun_freq": 10000,
  "_comment": "number of steps for long-run langevin",
  "num_longrun_steps": 100000,
  "_comment": "longrun_init should use one of the following: persistent, data, uniform, gaussian",
  "longrun_init": "data"
}