{
  "_comment": "===== EXPERIMENT PARAMETERS =====",
  "_comment": "data should use one of the following: flowers, mnist, cifar10",
  "data": "mnist",
  "num_train_iters": 100000,
  "batch_size": 100,
  "seed": 123,
  "_comment": "===== IMAGE DATA PARAMETERS =====",
  "im_sz": 32,
  "im_ch": 1,
  "data_epsilon": 1.5e-2,
  "_comment": "===== NETWORK AND OPTIMIZER =====",
  "_comment": "net_type should use one of the following: vanilla, nonlocal",
  "net_type": "nonlocal",
  "_comment": "optimizer_type should use one of the following: sgd, adam",
  "optimizer_type": "sgd",
  "lr_init": 1e-2,
  "lr_min": 1e-2,
  "lr_decay": 1.0,
  "_comment": "===== LANGEVIN PARAMETERS =====",
  "epsilon": 7.5e-3,
  "num_shortrun_steps": 500,
  "_comment": "shortrun_init should use one of the following: persistent, data, uniform, gaussian",
  "shortrun_init": "persistent",
  "_comment": "===== DIAGNOSTIC PARAMTERS =====",
  "log_freq": 100,
  "log_longrun": true,
  "log_longrun_freq": 5000,
  "num_longrun_steps": 100000,
  "_comment": "longrun_init should use one of the following: persistent, data, uniform, gaussian",
  "longrun_init": "data"
}
