{
  "_comment": "===== EXPERIMENT PARAMETERS =====",
  "num_train_iters": 100000,
  "batch_size": 100,
  "seed": 123,
  "_comment": "===== TOY DATA PARAMETERS =====",
  "_comment": "toy_type should use one of the following: rings, gmm",
  "toy_type": "rings",
  "toy_groups": 4,
  "toy_sd": 1.5e-1,
  "toy_radius": 1.0,
  "viz_res": 200,
  "kde_bw": 0.075,
  "_comment": "===== NETWORK AND OPTIMIZER =====",
  "net_type": "toy",
  "_comment": "optimizer_type should use one of the following: sgd, adam",
  "optimizer_type": "adam",
  "lr_init": 1e-4,
  "lr_min": 1e-4,
  "lr_decay": 1.0,
  "_comment": "===== LANGEVIN SAMPLING =====",
  "epsilon": 0.01,
  "num_mcmc_steps": 100, 
  "_comment": "init_type should use one of the following: persistent, data, uniform, gaussian",
  "init_type": "gaussian",
  "s_t_0_size": 0,
  "noise_init_factor": 2.0,
  "_comment": "===== DIAGNOSTIC PARAMETERS =====",
  "log_info_freq": 100,
  "log_viz_freq": 1000,
  "batch_size_kde": 10,
  "mcmcmethod": "anilangevin",
  "anithreshold": 0.01
}